{
  "id": "1491341",
  "name": "time-line",
  "font_family": "iconfont",
  "css_prefix_text": "icon-",
  "description": "",
  "glyphs": [
    {
      "icon_id": "339514",
      "name": "QQ",
      "font_class": "icon",
      "unicode": "e601",
      "unicode_decimal": 58881
    },
    {
      "icon_id": "1274418",
      "name": "icon_QQ",
      "font_class": "QQ",
      "unicode": "e65e",
      "unicode_decimal": 58974
    },
    {
      "icon_id": "2506183",
      "name": "评论",
      "font_class": "pinglun",
      "unicode": "e62c",
      "unicode_decimal": 58924
    },
    {
      "icon_id": "3705476",
      "name": "评论",
      "font_class": "pinglun1",
      "unicode": "e642",
      "unicode_decimal": 58946
    },
    {
      "icon_id": "4546492",
      "name": "weibo",
      "font_class": "weibo",
      "unicode": "e636",
      "unicode_decimal": 58934
    },
    {
      "icon_id": "5344808",
      "name": "点赞",
      "font_class": "zan",
      "unicode": "e682",
      "unicode_decimal": 59010
    },
    {
      "icon_id": "8759844",
      "name": "weixin",
      "font_class": "weixin",
      "unicode": "e699",
      "unicode_decimal": 59033
    },
    {
      "icon_id": "9402959",
      "name": "眼睛",
      "font_class": "changyongicon-",
      "unicode": "e617",
      "unicode_decimal": 58903
    },
    {
      "icon_id": "9512706",
      "name": "点赞",
      "font_class": "thumbup",
      "unicode": "e644",
      "unicode_decimal": 58948
    },
    {
      "icon_id": "11594378",
      "name": "点赞",
      "font_class": "dianzan",
      "unicode": "e6ac",
      "unicode_decimal": 59052
    }
  ]
}
