{
  "id": "1491341",
  "name": "time-line",
  "font_family": "iconfont",
  "css_prefix_text": "icon-",
  "description": "",
  "glyphs": [
    {
      "icon_id": "1111309",
      "name": "xin",
      "font_class": "xiangqu",
      "unicode": "e62c",
      "unicode_decimal": 58924
    },
    {
      "icon_id": "1274418",
      "name": "icon_QQ",
      "font_class": "QQ",
      "unicode": "e65e",
      "unicode_decimal": 58974
    },
    {
      "icon_id": "4546492",
      "name": "weibo",
      "font_class": "weibo",
      "unicode": "e636",
      "unicode_decimal": 58934
    },
    {
      "icon_id": "8759844",
      "name": "weixin",
      "font_class": "weixin",
      "unicode": "e699",
      "unicode_decimal": 59033
    },
    {
      "icon_id": "9402959",
      "name": "眼睛",
      "font_class": "changyongicon-",
      "unicode": "e617",
      "unicode_decimal": 58903
    }
  ]
}
